{"cameraMode":{"drawMode":0,"name":"Shaded","section":"Shading Mode"},"sceneLighting":false,"audioPlay":false,"sceneViewState":{"showFog":true,"showMaterialUpdate":false,"showSkybox":false,"showFlares":true,"showImageEffects":true,"showParticleSystems":true},"in2DMode":false,"pivot":{"x":1.0975686311721802,"y":0.3378462493419647,"z":-0.31564056873321535},"rotation":{"x":0.01568753458559513,"y":-0.8190947771072388,"z":0.022353872656822206,"w":0.5730776786804199},"size":1.0086684226989747,"orthographic":false}