{"cameraMode":{"drawMode":0,"name":"Shaded","section":"Shading Mode"},"sceneLighting":false,"audioPlay":false,"sceneViewState":{"showFog":true,"showMaterialUpdate":false,"showSkybox":false,"showFlares":true,"showImageEffects":true,"showParticleSystems":true},"in2DMode":false,"pivot":{"x":-0.0006767958402633667,"y":0.6711511015892029,"z":-0.10248473286628723},"rotation":{"x":-0.026830539107322694,"y":-0.8847289681434631,"z":-0.051600173115730289,"w":0.46262237429618838},"size":1.8885623216629029,"orthographic":false}