{"cameraMode":{"drawMode":0,"name":"Shaded","section":"Shading Mode"},"sceneLighting":false,"audioPlay":false,"sceneViewState":{"showFog":true,"showMaterialUpdate":true,"showSkybox":false,"showFlares":true,"showImageEffects":true,"showParticleSystems":true},"in2DMode":false,"pivot":{"x":7.211767196655273,"y":-0.3858799934387207,"z":-3.2791080474853517},"rotation":{"x":0.051419779658317569,"y":-0.07753059267997742,"z":0.004315361846238375,"w":0.9958115220069885},"size":144.540283203125,"orthographic":false}