{"cameraMode":{"drawMode":0,"name":"Shaded","section":"Shading Mode"},"sceneLighting":false,"audioPlay":false,"sceneViewState":{"showFog":true,"showMaterialUpdate":false,"showSkybox":false,"showFlares":true,"showImageEffects":true,"showParticleSystems":true},"in2DMode":false,"pivot":{"x":-28.38483428955078,"y":-32.33284378051758,"z":-47.84651565551758},"rotation":{"x":0.0594109371304512,"y":-0.7515348792076111,"z":0.06826034933328629,"w":0.6535640954971314},"size":0.9921050071716309,"orthographic":false}