{"cameraMode":{"drawMode":0,"name":"Shaded","section":"Shading Mode"},"sceneLighting":false,"audioPlay":false,"sceneViewState":{"showFog":true,"showMaterialUpdate":false,"showSkybox":false,"showFlares":true,"showImageEffects":true,"showParticleSystems":true},"in2DMode":false,"pivot":{"x":1.2127660512924195,"y":0.7585488557815552,"z":-5.407894611358643},"rotation":{"x":-0.005068894941359758,"y":-0.8987358808517456,"z":-0.010533971711993218,"w":0.4384593367576599},"size":1.0046045780181885,"orthographic":false}