{"cameraMode":{"drawMode":0,"name":"Shaded","section":"Shading Mode"},"sceneLighting":false,"audioPlay":false,"sceneViewState":{"showFog":false,"showMaterialUpdate":false,"showSkybox":false,"showFlares":false,"showImageEffects":false,"showParticleSystems":false},"in2DMode":false,"pivot":{"x":4051.721435546875,"y":709.8687133789063,"z":-1909.173095703125},"rotation":{"x":0.0009598236647434533,"y":-0.4919224679470062,"z":-0.0007104396354407072,"w":-0.8708440065383911},"size":3984.67333984375,"orthographic":false}