{"cameraMode":{"drawMode":31,"name":"Sprite Mask","section":"Miscellaneous"},"sceneLighting":false,"audioPlay":false,"sceneViewState":{"showFog":true,"showMaterialUpdate":true,"showSkybox":true,"showFlares":true,"showImageEffects":true,"showParticleSystems":true},"in2DMode":false,"pivot":{"x":1.3516845703125,"y":9.614095687866211,"z":-1.0214691162109376},"rotation":{"x":-0.011353566311299801,"y":0.5089318752288818,"z":0.00671292282640934,"w":0.8607053160667419},"size":236.31419372558595,"orthographic":false}